-- MySQL Workbench Forward Engineering

SET @OLD_UNIQUE_CHECKS=@@UNIQUE_CHECKS, UNIQUE_CHECKS=0;
SET @OLD_FOREIGN_KEY_CHECKS=@@FOREIGN_KEY_CHECKS, FOREIGN_KEY_CHECKS=0;
SET @OLD_SQL_MODE=@@SQL_MODE, SQL_MODE='ONLY_FULL_GROUP_BY,STRICT_TRANS_TABLES,NO_ZERO_IN_DATE,NO_ZERO_DATE,ERROR_FOR_DIVISION_BY_ZERO,NO_ENGINE_SUBSTITUTION';


START TRANSACTION;
USE `moddb`;
INSERT INTO `GameVersions` (`version`, sortIndex) VALUES (0x000100110004ffff, 0); -- 'v1.17.4'
INSERT INTO `GameVersions` (`version`, sortIndex) VALUES (0x000100120001ffff, 1); -- 'v1.18.1'
INSERT INTO `GameVersions` (`version`, sortIndex) VALUES (0x000100120002c001, 2); -- 'v1.18.2-rc1'

COMMIT;


-- -----------------------------------------------------
-- Data for table `moddb`.`Users`
-- -----------------------------------------------------
START TRANSACTION;
USE `moddb`;
INSERT INTO `Users` (userId, hash, roleId, uid, name, email, actionToken, sessionToken, sessionValidUntil, timezone, lastOnline)              VALUES (1, UNHEX(SUBSTRING(SHA2(CONCAT(1, NOW()), 512), 1, 20)), 3, '1', 'Example User'  , '1+void@localhost', '1', '1', DATE_ADD(NOW(), INTERVAL 14 DAY), '(GMT) London', NOW());
INSERT INTO `Users` (userId, hash, roleId, uid, name, email, actionToken, sessionToken, sessionValidUntil, timezone, lastOnline, bannedUntil) VALUES (2, UNHEX(SUBSTRING(SHA2(CONCAT(2, NOW()), 512), 1, 20)), 3, '2', 'Evil User'     , '2+void@localhost', '2', '2', DATE_ADD(NOW(), INTERVAL 14 DAY), '(GMT) London', NOW(), '9999-12-31');
INSERT INTO `Users` (userId, hash, roleId, uid, name, email, actionToken, sessionToken, sessionValidUntil, timezone, lastOnline)              VALUES (3, UNHEX(SUBSTRING(SHA2(CONCAT(3, NOW()), 512), 1, 20)), 2, '3', 'Moderator User', '3+void@localhost', '3', '3', DATE_ADD(NOW(), INTERVAL 14 DAY), '(GMT) London', NOW());
INSERT INTO `Users` (userId, hash, roleId, uid, name, email, actionToken, sessionToken, sessionValidUntil, timezone, lastOnline)              VALUES (4, UNHEX(SUBSTRING(SHA2(CONCAT(4, NOW()), 512), 1, 20)), 3, '4', 'User 4'        , '4+void@localhost', '4', '4', DATE_ADD(NOW(), INTERVAL 14 DAY), '(GMT) London', NOW());
INSERT INTO `Users` (userId, hash, roleId, uid, name, email, actionToken, sessionToken, sessionValidUntil, timezone, lastOnline)              VALUES (5, UNHEX(SUBSTRING(SHA2(CONCAT(5, NOW()), 512), 1, 20)), 3, '5', 'User 5'        , '5+void@localhost', '5', '5', DATE_ADD(NOW(), INTERVAL 14 DAY), '(GMT) London', NOW());
INSERT INTO `Users` (userId, hash, roleId, uid, name, email, actionToken, sessionToken, sessionValidUntil, timezone, lastOnline)              VALUES (6, UNHEX(SUBSTRING(SHA2(CONCAT(6, NOW()), 512), 1, 20)), 3, '6', 'User 6'        , '6+void@localhost', '6', '6', DATE_ADD(NOW(), INTERVAL 14 DAY), '(GMT) London', NOW());
INSERT INTO `Users` (userId, hash, roleId, uid, name, email, actionToken, sessionToken, sessionValidUntil, timezone, lastOnline)              VALUES (7, UNHEX(SUBSTRING(SHA2(CONCAT(7, NOW()), 512), 1, 20)), 3, '7', 'User 7 __ %_%' , '7+void@localhost', '7', '7', DATE_ADD(NOW(), INTERVAL 14 DAY), '(GMT) London', NOW());

COMMIT;


-- -----------------------------------------------------
-- Data for table `moddb`.`Mods`
-- -----------------------------------------------------
START TRANSACTION;
USE `moddb`;
INSERT INTO `Mods` (assetId, urlAlias, summary, side, lastReleased) VALUES (1, 'examplemodone',  'Some Summary.', 'both', CURRENT_TIMESTAMP);
INSERT INTO `Mods` (assetId, urlAlias, summary, side, lastReleased) VALUES (2, 'examplemodtwo',  'Some Summary.', 'both', CURRENT_TIMESTAMP);
INSERT INTO `Mods` (assetId, urlAlias, summary, side, lastReleased) VALUES (3, 'examplemodthree','Some Summary.', 'both', CURRENT_TIMESTAMP);
INSERT INTO `Mods` (assetId, urlAlias, summary, side, lastReleased) VALUES (4, 'examplemodfour', 'Some Summary.', 'both', CURRENT_TIMESTAMP);
INSERT INTO `Mods` (assetId, urlAlias, summary, side, lastReleased) VALUES (5, 'examplemodfive', 'Some Summary.', 'both', CURRENT_TIMESTAMP);
INSERT INTO `Mods` (assetId, urlAlias, summary, side, lastReleased) VALUES (6, 'examplemodsix',  'Some Summary.', 'both', CURRENT_TIMESTAMP);
INSERT INTO `Mods` (assetId, urlAlias, summary, side, lastReleased) VALUES (7, 'examplemodseven','Some Summary.', 'both', CURRENT_TIMESTAMP);
INSERT INTO `Mods` (assetId, urlAlias, summary, side, lastReleased) VALUES (8, 'examplemodeight','Some Summary.', 'both', CURRENT_TIMESTAMP);
INSERT INTO `Mods` (assetId, urlAlias, summary, side, lastReleased) VALUES (9, 'examplemodnine', 'Some Summary.', 'both', CURRENT_TIMESTAMP);
INSERT INTO `Mods` (assetId, urlAlias, summary, side, lastReleased) VALUES (10, 'examplemodten', 'Some Summary.', 'both', CURRENT_TIMESTAMP);
INSERT INTO `Mods` (assetId, urlAlias, summary, side, lastReleased) VALUES (11, NULL,            'Some Summary.', 'both', CURRENT_TIMESTAMP);
INSERT INTO `Mods` (assetId, urlAlias, summary, side, lastReleased) VALUES (12, NULL,            'Some Summary.', 'both', CURRENT_TIMESTAMP);
INSERT INTO `Mods` (assetId, urlAlias, summary, side, lastReleased) VALUES (13, NULL,            'Some Summary.', 'both', CURRENT_TIMESTAMP);
INSERT INTO `Mods` (assetId, urlAlias, summary, side, lastReleased) VALUES (14, NULL,            'Some Summary.', 'both', CURRENT_TIMESTAMP);
INSERT INTO `Mods` (assetId, urlAlias, summary, side, lastReleased) VALUES (15, NULL,            'Some Summary.', 'both', CURRENT_TIMESTAMP);
INSERT INTO `Mods` (assetId, urlAlias, summary, side, lastReleased) VALUES (16, NULL,            'Some Summary.', 'both', CURRENT_TIMESTAMP);
INSERT INTO `Mods` (assetId, urlAlias, summary, side, lastReleased) VALUES (17, NULL,            'Some Summary.', 'both', CURRENT_TIMESTAMP);
INSERT INTO `Mods` (assetId, urlAlias, summary, side, lastReleased) VALUES (18, NULL,            'Some Summary.', 'both', CURRENT_TIMESTAMP);
INSERT INTO `Mods` (assetId, urlAlias, summary, side, lastReleased) VALUES (19, NULL,            'Some Summary.', 'both', CURRENT_TIMESTAMP);
INSERT INTO `Mods` (assetId, urlAlias, summary, side, lastReleased) VALUES (20, NULL,            'Some Summary.', 'both', CURRENT_TIMESTAMP);
INSERT INTO `Mods` (assetId, urlAlias, summary, side, lastReleased) VALUES (21, NULL,            'Some Summary.', 'both', CURRENT_TIMESTAMP);
INSERT INTO `Mods` (assetId, urlAlias, summary, side, lastReleased) VALUES (22, NULL,            'Some Summary.', 'both', CURRENT_TIMESTAMP);
INSERT INTO `Mods` (assetId, urlAlias, summary, side, lastReleased) VALUES (23, NULL,            'Some Summary.', 'both', CURRENT_TIMESTAMP);
INSERT INTO `Mods` (assetId, urlAlias, summary, side, lastReleased) VALUES (24, NULL,            'Some Summary.', 'both', CURRENT_TIMESTAMP);
INSERT INTO `Mods` (assetId, urlAlias, summary, side, lastReleased) VALUES (25, NULL,            'Some Summary.', 'both', CURRENT_TIMESTAMP);
INSERT INTO `Mods` (assetId, urlAlias, summary, side, lastReleased) VALUES (26, NULL,            'Some Summary.', 'both', CURRENT_TIMESTAMP);
INSERT INTO `Mods` (assetId, urlAlias, summary, side, lastReleased) VALUES (27, NULL,            'Some Summary.', 'both', CURRENT_TIMESTAMP);
INSERT INTO `Mods` (assetId, urlAlias, summary, side, lastReleased) VALUES (28, NULL,            'Some Summary.', 'both', CURRENT_TIMESTAMP);
INSERT INTO `Mods` (assetId, urlAlias, summary, side, lastReleased) VALUES (29, NULL,            'Some Summary.', 'both', CURRENT_TIMESTAMP);
INSERT INTO `Mods` (assetId, urlAlias, summary, side, lastReleased) VALUES (30, NULL,            'Some Summary.', 'both', CURRENT_TIMESTAMP);
INSERT INTO `Mods` (assetId, urlAlias, summary, side, lastReleased) VALUES (31, NULL,            'Some Summary.', 'both', CURRENT_TIMESTAMP);

COMMIT;


-- -----------------------------------------------------
-- Data for table `moddb`.`Assets`
-- -----------------------------------------------------
START TRANSACTION;
USE `moddb`;
INSERT INTO `Assets` (createdByUserId, editedByUserId, statusId, assetTypeId, name, text) VALUES (2,1,2,1,'Example Mod 1', '<p style="text-align: center;">Lorem ipsum dolor sit amet, consectetur adipiscing elit. Pellentesque leo sem, ultrices vel enim vel, pretium fringilla nisi. Nunc ac massa hendrerit, semper est sed, blandit eros. Sed at placerat lorem, viverra lacinia nibh. Mauris eu nunc a augue rhoncus pharetra ac eu nulla. Fusce elementum sapien sit amet sapien pellentesque, eget porttitor quam eleifend. Maecenas imperdiet justo dolor, id bibendum purus ornare vel. Morbi commodo porttitor nisi, sed finibus eros blandit eget. Nulla quis rhoncus urna.</p>');
INSERT INTO `Assets` (createdByUserId, editedByUserId, statusId, assetTypeId, name, text) VALUES (1,1,4,1,'Example Mod 2', '<p style="text-align: center;">Lorem ipsum dolor sit amet, consectetur adipiscing elit. Pellentesque leo sem, ultrices vel enim vel, pretium fringilla nisi. Nunc ac massa hendrerit, semper est sed, blandit eros. Sed at placerat lorem, viverra lacinia nibh. Mauris eu nunc a augue rhoncus pharetra ac eu nulla. Fusce elementum sapien sit amet sapien pellentesque, eget porttitor quam eleifend. Maecenas imperdiet justo dolor, id bibendum purus ornare vel. Morbi commodo porttitor nisi, sed finibus eros blandit eget. Nulla quis rhoncus urna.</p>');
INSERT INTO `Assets` (createdByUserId, editedByUserId, statusId, assetTypeId, name, text) VALUES (1,1,2,1,'Example Mod 3 loooonnng name name name name', '<p style="text-align: center;">Lorem ipsum dolor sit amet, consectetur adipiscing elit. Pellentesque leo sem, ultrices vel enim vel, pretium fringilla nisi. Nunc ac massa hendrerit, semper est sed, blandit eros. Sed at placerat lorem, viverra lacinia nibh. Mauris eu nunc a augue rhoncus pharetra ac eu nulla. Fusce elementum sapien sit amet sapien pellentesque, eget porttitor quam eleifend. Maecenas imperdiet justo dolor, id bibendum purus ornare vel. Morbi commodo porttitor nisi, sed finibus eros blandit eget. Nulla quis rhoncus urna.</p>');
INSERT INTO `Assets` (createdByUserId, editedByUserId, statusId, assetTypeId, name, text) VALUES (1,1,2,1,'Example Mod 4', '<p style="text-align: center;">Lorem ipsum dolor sit amet, consectetur adipiscing elit. Pellentesque leo sem, ultrices vel enim vel, pretium fringilla nisi. Nunc ac massa hendrerit, semper est sed, blandit eros. Sed at placerat lorem, viverra lacinia nibh. Mauris eu nunc a augue rhoncus pharetra ac eu nulla. Fusce elementum sapien sit amet sapien pellentesque, eget porttitor quam eleifend. Maecenas imperdiet justo dolor, id bibendum purus ornare vel. Morbi commodo porttitor nisi, sed finibus eros blandit eget. Nulla quis rhoncus urna.</p>');
INSERT INTO `Assets` (createdByUserId, editedByUserId, statusId, assetTypeId, name, text) VALUES (1,1,2,1,'Example Mod 5', '<p style="text-align: center;">Lorem ipsum dolor sit amet, consectetur adipiscing elit. Pellentesque leo sem, ultrices vel enim vel, pretium fringilla nisi. Nunc ac massa hendrerit, semper est sed, blandit eros. Sed at placerat lorem, viverra lacinia nibh. Mauris eu nunc a augue rhoncus pharetra ac eu nulla. Fusce elementum sapien sit amet sapien pellentesque, eget porttitor quam eleifend. Maecenas imperdiet justo dolor, id bibendum purus ornare vel. Morbi commodo porttitor nisi, sed finibus eros blandit eget. Nulla quis rhoncus urna.</p>');
INSERT INTO `Assets` (createdByUserId, editedByUserId, statusId, assetTypeId, name, text) VALUES (1,1,2,1,'Example Mod 6', '<p style="text-align: center;">Lorem ipsum dolor sit amet, consectetur adipiscing elit. Pellentesque leo sem, ultrices vel enim vel, pretium fringilla nisi. Nunc ac massa hendrerit, semper est sed, blandit eros. Sed at placerat lorem, viverra lacinia nibh. Mauris eu nunc a augue rhoncus pharetra ac eu nulla. Fusce elementum sapien sit amet sapien pellentesque, eget porttitor quam eleifend. Maecenas imperdiet justo dolor, id bibendum purus ornare vel. Morbi commodo porttitor nisi, sed finibus eros blandit eget. Nulla quis rhoncus urna.</p>');
INSERT INTO `Assets` (createdByUserId, editedByUserId, statusId, assetTypeId, name, text) VALUES (1,1,2,1,'Example Mod 7', '<p style="text-align: center;">Lorem ipsum dolor sit amet, consectetur adipiscing elit. Pellentesque leo sem, ultrices vel enim vel, pretium fringilla nisi. Nunc ac massa hendrerit, semper est sed, blandit eros. Sed at placerat lorem, viverra lacinia nibh. Mauris eu nunc a augue rhoncus pharetra ac eu nulla. Fusce elementum sapien sit amet sapien pellentesque, eget porttitor quam eleifend. Maecenas imperdiet justo dolor, id bibendum purus ornare vel. Morbi commodo porttitor nisi, sed finibus eros blandit eget. Nulla quis rhoncus urna.</p>');
INSERT INTO `Assets` (createdByUserId, editedByUserId, statusId, assetTypeId, name, text) VALUES (1,1,2,1,'Example Mod 8', '<p style="text-align: center;">Lorem ipsum dolor sit amet, consectetur adipiscing elit. Pellentesque leo sem, ultrices vel enim vel, pretium fringilla nisi. Nunc ac massa hendrerit, semper est sed, blandit eros. Sed at placerat lorem, viverra lacinia nibh. Mauris eu nunc a augue rhoncus pharetra ac eu nulla. Fusce elementum sapien sit amet sapien pellentesque, eget porttitor quam eleifend. Maecenas imperdiet justo dolor, id bibendum purus ornare vel. Morbi commodo porttitor nisi, sed finibus eros blandit eget. Nulla quis rhoncus urna.</p>');
INSERT INTO `Assets` (createdByUserId, editedByUserId, statusId, assetTypeId, name, text) VALUES (1,1,2,1,'Example Mod 9', '<p style="text-align: center;">Lorem ipsum dolor sit amet, consectetur adipiscing elit. Pellentesque leo sem, ultrices vel enim vel, pretium fringilla nisi. Nunc ac massa hendrerit, semper est sed, blandit eros. Sed at placerat lorem, viverra lacinia nibh. Mauris eu nunc a augue rhoncus pharetra ac eu nulla. Fusce elementum sapien sit amet sapien pellentesque, eget porttitor quam eleifend. Maecenas imperdiet justo dolor, id bibendum purus ornare vel. Morbi commodo porttitor nisi, sed finibus eros blandit eget. Nulla quis rhoncus urna.</p>');
INSERT INTO `Assets` (createdByUserId, editedByUserId, statusId, assetTypeId, name, text) VALUES (1,1,2,1,'Example Mod 10', '<p style="text-align: center;">Lorem ipsum dolor sit amet, consectetur adipiscing elit. Pellentesque leo sem, ultrices vel enim vel, pretium fringilla nisi. Nunc ac massa hendrerit, semper est sed, blandit eros. Sed at placerat lorem, viverra lacinia nibh. Mauris eu nunc a augue rhoncus pharetra ac eu nulla. Fusce elementum sapien sit amet sapien pellentesque, eget porttitor quam eleifend. Maecenas imperdiet justo dolor, id bibendum purus ornare vel. Morbi commodo porttitor nisi, sed finibus eros blandit eget. Nulla quis rhoncus urna.</p>');
INSERT INTO `Assets` (createdByUserId, editedByUserId, statusId, assetTypeId, name, text) VALUES (1,1,1,1,'Example Mod 11', '<p style="text-align: center;">Lorem ipsum dolor sit amet, consectetur adipiscing elit. Pellentesque leo sem, ultrices vel enim vel, pretium fringilla nisi. Nunc ac massa hendrerit, semper est sed, blandit eros. Sed at placerat lorem, viverra lacinia nibh. Mauris eu nunc a augue rhoncus pharetra ac eu nulla. Fusce elementum sapien sit amet sapien pellentesque, eget porttitor quam eleifend. Maecenas imperdiet justo dolor, id bibendum purus ornare vel. Morbi commodo porttitor nisi, sed finibus eros blandit eget. Nulla quis rhoncus urna.</p>');
INSERT INTO `Assets` (createdByUserId, editedByUserId, statusId, assetTypeId, name, text) VALUES (1,1,1,1,'Example Mod 12', '<p style="text-align: center;">Lorem ipsum dolor sit amet, consectetur adipiscing elit. Pellentesque leo sem, ultrices vel enim vel, pretium fringilla nisi. Nunc ac massa hendrerit, semper est sed, blandit eros. Sed at placerat lorem, viverra lacinia nibh. Mauris eu nunc a augue rhoncus pharetra ac eu nulla. Fusce elementum sapien sit amet sapien pellentesque, eget porttitor quam eleifend. Maecenas imperdiet justo dolor, id bibendum purus ornare vel. Morbi commodo porttitor nisi, sed finibus eros blandit eget. Nulla quis rhoncus urna.</p>');
INSERT INTO `Assets` (createdByUserId, editedByUserId, statusId, assetTypeId, name, text) VALUES (1,1,1,1,'Example Mod 13', '<p style="text-align: center;">Lorem ipsum dolor sit amet, consectetur adipiscing elit. Pellentesque leo sem, ultrices vel enim vel, pretium fringilla nisi. Nunc ac massa hendrerit, semper est sed, blandit eros. Sed at placerat lorem, viverra lacinia nibh. Mauris eu nunc a augue rhoncus pharetra ac eu nulla. Fusce elementum sapien sit amet sapien pellentesque, eget porttitor quam eleifend. Maecenas imperdiet justo dolor, id bibendum purus ornare vel. Morbi commodo porttitor nisi, sed finibus eros blandit eget. Nulla quis rhoncus urna.</p>');
INSERT INTO `Assets` (createdByUserId, editedByUserId, statusId, assetTypeId, name, text) VALUES (1,1,1,1,'Example Mod 14', '<p style="text-align: center;">Lorem ipsum dolor sit amet, consectetur adipiscing elit. Pellentesque leo sem, ultrices vel enim vel, pretium fringilla nisi. Nunc ac massa hendrerit, semper est sed, blandit eros. Sed at placerat lorem, viverra lacinia nibh. Mauris eu nunc a augue rhoncus pharetra ac eu nulla. Fusce elementum sapien sit amet sapien pellentesque, eget porttitor quam eleifend. Maecenas imperdiet justo dolor, id bibendum purus ornare vel. Morbi commodo porttitor nisi, sed finibus eros blandit eget. Nulla quis rhoncus urna.</p>');
INSERT INTO `Assets` (createdByUserId, editedByUserId, statusId, assetTypeId, name, text) VALUES (1,1,1,1,'Example Mod 15', '<p style="text-align: center;">Lorem ipsum dolor sit amet, consectetur adipiscing elit. Pellentesque leo sem, ultrices vel enim vel, pretium fringilla nisi. Nunc ac massa hendrerit, semper est sed, blandit eros. Sed at placerat lorem, viverra lacinia nibh. Mauris eu nunc a augue rhoncus pharetra ac eu nulla. Fusce elementum sapien sit amet sapien pellentesque, eget porttitor quam eleifend. Maecenas imperdiet justo dolor, id bibendum purus ornare vel. Morbi commodo porttitor nisi, sed finibus eros blandit eget. Nulla quis rhoncus urna.</p>');
INSERT INTO `Assets` (createdByUserId, editedByUserId, statusId, assetTypeId, name, text) VALUES (1,1,1,1,'Example Mod 16', '<p style="text-align: center;">Lorem ipsum dolor sit amet, consectetur adipiscing elit. Pellentesque leo sem, ultrices vel enim vel, pretium fringilla nisi. Nunc ac massa hendrerit, semper est sed, blandit eros. Sed at placerat lorem, viverra lacinia nibh. Mauris eu nunc a augue rhoncus pharetra ac eu nulla. Fusce elementum sapien sit amet sapien pellentesque, eget porttitor quam eleifend. Maecenas imperdiet justo dolor, id bibendum purus ornare vel. Morbi commodo porttitor nisi, sed finibus eros blandit eget. Nulla quis rhoncus urna.</p>');
INSERT INTO `Assets` (createdByUserId, editedByUserId, statusId, assetTypeId, name, text) VALUES (1,1,1,1,'Example Mod 17', '<p style="text-align: center;">Lorem ipsum dolor sit amet, consectetur adipiscing elit. Pellentesque leo sem, ultrices vel enim vel, pretium fringilla nisi. Nunc ac massa hendrerit, semper est sed, blandit eros. Sed at placerat lorem, viverra lacinia nibh. Mauris eu nunc a augue rhoncus pharetra ac eu nulla. Fusce elementum sapien sit amet sapien pellentesque, eget porttitor quam eleifend. Maecenas imperdiet justo dolor, id bibendum purus ornare vel. Morbi commodo porttitor nisi, sed finibus eros blandit eget. Nulla quis rhoncus urna.</p>');
INSERT INTO `Assets` (createdByUserId, editedByUserId, statusId, assetTypeId, name, text) VALUES (1,1,1,1,'Example Mod 18', '<p style="text-align: center;">Lorem ipsum dolor sit amet, consectetur adipiscing elit. Pellentesque leo sem, ultrices vel enim vel, pretium fringilla nisi. Nunc ac massa hendrerit, semper est sed, blandit eros. Sed at placerat lorem, viverra lacinia nibh. Mauris eu nunc a augue rhoncus pharetra ac eu nulla. Fusce elementum sapien sit amet sapien pellentesque, eget porttitor quam eleifend. Maecenas imperdiet justo dolor, id bibendum purus ornare vel. Morbi commodo porttitor nisi, sed finibus eros blandit eget. Nulla quis rhoncus urna.</p>');
INSERT INTO `Assets` (createdByUserId, editedByUserId, statusId, assetTypeId, name, text) VALUES (1,1,2,1,'Example Mod 19', '<p style="text-align: center;">Lorem ipsum dolor sit amet, consectetur adipiscing elit. Pellentesque leo sem, ultrices vel enim vel, pretium fringilla nisi. Nunc ac massa hendrerit, semper est sed, blandit eros. Sed at placerat lorem, viverra lacinia nibh. Mauris eu nunc a augue rhoncus pharetra ac eu nulla. Fusce elementum sapien sit amet sapien pellentesque, eget porttitor quam eleifend. Maecenas imperdiet justo dolor, id bibendum purus ornare vel. Morbi commodo porttitor nisi, sed finibus eros blandit eget. Nulla quis rhoncus urna.</p>');
INSERT INTO `Assets` (createdByUserId, editedByUserId, statusId, assetTypeId, name, text) VALUES (1,1,2,1,'Example Mod 20', '<p style="text-align: center;">Lorem ipsum dolor sit amet, consectetur adipiscing elit. Pellentesque leo sem, ultrices vel enim vel, pretium fringilla nisi. Nunc ac massa hendrerit, semper est sed, blandit eros. Sed at placerat lorem, viverra lacinia nibh. Mauris eu nunc a augue rhoncus pharetra ac eu nulla. Fusce elementum sapien sit amet sapien pellentesque, eget porttitor quam eleifend. Maecenas imperdiet justo dolor, id bibendum purus ornare vel. Morbi commodo porttitor nisi, sed finibus eros blandit eget. Nulla quis rhoncus urna.</p>');
INSERT INTO `Assets` (createdByUserId, editedByUserId, statusId, assetTypeId, name, text) VALUES (1,1,2,1,'Example Mod 21', '<p style="text-align: center;">Lorem ipsum dolor sit amet, consectetur adipiscing elit. Pellentesque leo sem, ultrices vel enim vel, pretium fringilla nisi. Nunc ac massa hendrerit, semper est sed, blandit eros. Sed at placerat lorem, viverra lacinia nibh. Mauris eu nunc a augue rhoncus pharetra ac eu nulla. Fusce elementum sapien sit amet sapien pellentesque, eget porttitor quam eleifend. Maecenas imperdiet justo dolor, id bibendum purus ornare vel. Morbi commodo porttitor nisi, sed finibus eros blandit eget. Nulla quis rhoncus urna.</p>');
INSERT INTO `Assets` (createdByUserId, editedByUserId, statusId, assetTypeId, name, text) VALUES (1,1,2,1,'Example Mod 22', '<p style="text-align: center;">Lorem ipsum dolor sit amet, consectetur adipiscing elit. Pellentesque leo sem, ultrices vel enim vel, pretium fringilla nisi. Nunc ac massa hendrerit, semper est sed, blandit eros. Sed at placerat lorem, viverra lacinia nibh. Mauris eu nunc a augue rhoncus pharetra ac eu nulla. Fusce elementum sapien sit amet sapien pellentesque, eget porttitor quam eleifend. Maecenas imperdiet justo dolor, id bibendum purus ornare vel. Morbi commodo porttitor nisi, sed finibus eros blandit eget. Nulla quis rhoncus urna.</p>');
INSERT INTO `Assets` (createdByUserId, editedByUserId, statusId, assetTypeId, name, text) VALUES (1,1,2,1,'Example Mod 23', '<p style="text-align: center;">Lorem ipsum dolor sit amet, consectetur adipiscing elit. Pellentesque leo sem, ultrices vel enim vel, pretium fringilla nisi. Nunc ac massa hendrerit, semper est sed, blandit eros. Sed at placerat lorem, viverra lacinia nibh. Mauris eu nunc a augue rhoncus pharetra ac eu nulla. Fusce elementum sapien sit amet sapien pellentesque, eget porttitor quam eleifend. Maecenas imperdiet justo dolor, id bibendum purus ornare vel. Morbi commodo porttitor nisi, sed finibus eros blandit eget. Nulla quis rhoncus urna.</p>');
INSERT INTO `Assets` (createdByUserId, editedByUserId, statusId, assetTypeId, name, text) VALUES (1,1,2,1,'Example Mod 24', '<p style="text-align: center;">Lorem ipsum dolor sit amet, consectetur adipiscing elit. Pellentesque leo sem, ultrices vel enim vel, pretium fringilla nisi. Nunc ac massa hendrerit, semper est sed, blandit eros. Sed at placerat lorem, viverra lacinia nibh. Mauris eu nunc a augue rhoncus pharetra ac eu nulla. Fusce elementum sapien sit amet sapien pellentesque, eget porttitor quam eleifend. Maecenas imperdiet justo dolor, id bibendum purus ornare vel. Morbi commodo porttitor nisi, sed finibus eros blandit eget. Nulla quis rhoncus urna.</p>');
INSERT INTO `Assets` (createdByUserId, editedByUserId, statusId, assetTypeId, name, text) VALUES (1,1,2,1,'Example Mod 25', '<p style="text-align: center;">Lorem ipsum dolor sit amet, consectetur adipiscing elit. Pellentesque leo sem, ultrices vel enim vel, pretium fringilla nisi. Nunc ac massa hendrerit, semper est sed, blandit eros. Sed at placerat lorem, viverra lacinia nibh. Mauris eu nunc a augue rhoncus pharetra ac eu nulla. Fusce elementum sapien sit amet sapien pellentesque, eget porttitor quam eleifend. Maecenas imperdiet justo dolor, id bibendum purus ornare vel. Morbi commodo porttitor nisi, sed finibus eros blandit eget. Nulla quis rhoncus urna.</p>');
INSERT INTO `Assets` (createdByUserId, editedByUserId, statusId, assetTypeId, name, text) VALUES (1,1,2,1,'Example Mod 26', '<p style="text-align: center;">Lorem ipsum dolor sit amet, consectetur adipiscing elit. Pellentesque leo sem, ultrices vel enim vel, pretium fringilla nisi. Nunc ac massa hendrerit, semper est sed, blandit eros. Sed at placerat lorem, viverra lacinia nibh. Mauris eu nunc a augue rhoncus pharetra ac eu nulla. Fusce elementum sapien sit amet sapien pellentesque, eget porttitor quam eleifend. Maecenas imperdiet justo dolor, id bibendum purus ornare vel. Morbi commodo porttitor nisi, sed finibus eros blandit eget. Nulla quis rhoncus urna.</p>');
INSERT INTO `Assets` (createdByUserId, editedByUserId, statusId, assetTypeId, name, text) VALUES (1,1,2,1,'Example Mod 27', '<p style="text-align: center;">Lorem ipsum dolor sit amet, consectetur adipiscing elit. Pellentesque leo sem, ultrices vel enim vel, pretium fringilla nisi. Nunc ac massa hendrerit, semper est sed, blandit eros. Sed at placerat lorem, viverra lacinia nibh. Mauris eu nunc a augue rhoncus pharetra ac eu nulla. Fusce elementum sapien sit amet sapien pellentesque, eget porttitor quam eleifend. Maecenas imperdiet justo dolor, id bibendum purus ornare vel. Morbi commodo porttitor nisi, sed finibus eros blandit eget. Nulla quis rhoncus urna.</p>');
INSERT INTO `Assets` (createdByUserId, editedByUserId, statusId, assetTypeId, name, text) VALUES (1,1,2,1,'Example Mod 28', '<p style="text-align: center;">Lorem ipsum dolor sit amet, consectetur adipiscing elit. Pellentesque leo sem, ultrices vel enim vel, pretium fringilla nisi. Nunc ac massa hendrerit, semper est sed, blandit eros. Sed at placerat lorem, viverra lacinia nibh. Mauris eu nunc a augue rhoncus pharetra ac eu nulla. Fusce elementum sapien sit amet sapien pellentesque, eget porttitor quam eleifend. Maecenas imperdiet justo dolor, id bibendum purus ornare vel. Morbi commodo porttitor nisi, sed finibus eros blandit eget. Nulla quis rhoncus urna.</p>');
INSERT INTO `Assets` (createdByUserId, editedByUserId, statusId, assetTypeId, name, text) VALUES (1,1,2,1,'Example Mod 29', '<p style="text-align: center;">Lorem ipsum dolor sit amet, consectetur adipiscing elit. Pellentesque leo sem, ultrices vel enim vel, pretium fringilla nisi. Nunc ac massa hendrerit, semper est sed, blandit eros. Sed at placerat lorem, viverra lacinia nibh. Mauris eu nunc a augue rhoncus pharetra ac eu nulla. Fusce elementum sapien sit amet sapien pellentesque, eget porttitor quam eleifend. Maecenas imperdiet justo dolor, id bibendum purus ornare vel. Morbi commodo porttitor nisi, sed finibus eros blandit eget. Nulla quis rhoncus urna.</p>');
INSERT INTO `Assets` (createdByUserId, editedByUserId, statusId, assetTypeId, name, text) VALUES (1,1,2,1,'Example Mod 30', '<p style="text-align: center;">Lorem ipsum dolor sit amet, consectetur adipiscing elit. Pellentesque leo sem, ultrices vel enim vel, pretium fringilla nisi. Nunc ac massa hendrerit, semper est sed, blandit eros. Sed at placerat lorem, viverra lacinia nibh. Mauris eu nunc a augue rhoncus pharetra ac eu nulla. Fusce elementum sapien sit amet sapien pellentesque, eget porttitor quam eleifend. Maecenas imperdiet justo dolor, id bibendum purus ornare vel. Morbi commodo porttitor nisi, sed finibus eros blandit eget. Nulla quis rhoncus urna.</p>');
INSERT INTO `Assets` (createdByUserId, editedByUserId, statusId, assetTypeId, name, text) VALUES (1,1,2,1,'Example Mod 31', '<p style="text-align: center;">Lorem ipsum dolor sit amet, consectetur adipiscing elit. Pellentesque leo sem, ultrices vel enim vel, pretium fringilla nisi. Nunc ac massa hendrerit, semper est sed, blandit eros. Sed at placerat lorem, viverra lacinia nibh. Mauris eu nunc a augue rhoncus pharetra ac eu nulla. Fusce elementum sapien sit amet sapien pellentesque, eget porttitor quam eleifend. Maecenas imperdiet justo dolor, id bibendum purus ornare vel. Morbi commodo porttitor nisi, sed finibus eros blandit eget. Nulla quis rhoncus urna.</p>');

COMMIT;

-- -----------------------------------------------------
-- Data for table `moddb`.`ModerationRecords`
-- -----------------------------------------------------
START TRANSACTION;
USE `moddb`;
INSERT INTO  `ModerationRecords` (targetUserId, kind, recordId, until, moderatorId, reason) VALUES (2, 2, 2, '9999-12-31', 3, '');
INSERT INTO  `ModerationRecords` (targetUserId, kind, recordId, until, moderatorId, reason) VALUES (2, 1, 3, '9999-12-31', 3, 'Comment: bad comment');

COMMIT;

-- -----------------------------------------------------
-- Data for table `moddb`.`Comments`
-- -----------------------------------------------------
START TRANSACTION;
USE `moddb`;

INSERT INTO  `Comments` (assetId, userId, text) VALUES (1, 2, 'normal comment');
INSERT INTO  `Comments` (assetId, userId, text) VALUES (1, 2, 'ok comment');
INSERT INTO  `Comments` (assetId, userId, text, lastModaction, deleted) VALUES (1, 2, 'bad comment', 1, 1);

COMMIT;
